{"mean":{"confidence_interval":{"confidence_level":0.95,"lower_bound":-0.01592286320516401,"upper_bound":0.014702598061022863},"point_estimate":0.00012240559121079464,"standard_error":0.007777489948358334},"median":{"confidence_interval":{"confidence_level":0.95,"lower_bound":-0.027443585192758767,"upper_bound":0.025735829936904153},"point_estimate":-0.001936487780667795,"standard_error":0.01438455583427296}}