{"mean":{"confidence_interval":{"confidence_level":0.95,"lower_bound":-0.4191059097616387,"upper_bound":-0.3369340284428137},"point_estimate":-0.3768150847973002,"standard_error":0.021003333824786405},"median":{"confidence_interval":{"confidence_level":0.95,"lower_bound":-0.3601764555224337,"upper_bound":-0.32163454692282545},"point_estimate":-0.3453299516746061,"standard_error":0.009935121001536274}}